<?xml version="1.0" encoding="UTF-8"?>
<project-private xmlns="http://www.netbeans.org/ns/project-private/1">
    <editor-bookmarks xmlns="http://www.netbeans.org/ns/editor-bookmarks/2" lastBookmarkId="0"/>
    <open-files xmlns="http://www.netbeans.org/ns/projectui-open-files/2">
        <group>
            <file>file:/C:/Users/User/Documents/NetBeansProjects/Calculator_app/src/calculator_app/Temperature.java</file>
            <file>file:/C:/Users/User/Documents/NetBeansProjects/Calculator_app/src/calculator_app/Mtokm.java</file>
            <file>file:/C:/Users/User/Documents/NetBeansProjects/Calculator_app/src/calculator_app/Currencyconverter.java</file>
            <file>file:/C:/Users/User/Documents/NetBeansProjects/Calculator_app/src/calculator_app/BMI.java</file>
            <file>file:/C:/Users/User/Documents/NetBeansProjects/Calculator_app/src/calculator_app/calculator.java</file>
        </group>
    </open-files>
</project-private>
